t_yr,nearest_event_index,relative_to_entry,relative_to_exit,in_training_window,in_physical_window,in_post_to_physical_end,in_post_fixed,pos_noNN_err,pos_encounterNN_err,pos_gain_instant_pct,vel_noNN_err,vel_encounterNN_err,vel_gain_instant_pct
80.57611522304461,1,-1.9838847769539854,-2.483884776953971,0,1,0,0,1.1968589565185757,1.1968589565185757,0.0,1.4774617173001068,1.4774617173001068,0.0
80.59611922384477,1,-1.9638807761538288,-2.4638807761538146,0,1,0,0,1.203208205335218,1.203208205335218,0.0,1.4756383554684844,1.4756383554684844,0.0
80.61612322464494,1,-1.943876775353658,-2.443876775353644,0,1,0,0,1.2095472213053367,1.2095472213053367,0.0,1.4738213386903278,1.4738213386903278,0.0
80.6361272254451,1,-1.9238727745535016,-2.4238727745534874,0,1,0,0,1.2158731401374647,1.2158731401374647,0.0,1.4720106440585061,1.4720106440585061,0.0
80.65613122624525,1,-1.903868773753345,-2.403868773753331,0,1,0,0,1.243933159653137,1.243933159653137,0.0,1.5920201703432602,1.5920201703432602,0.0
80.6761352270454,1,-1.8838647729531885,-2.3838647729531743,0,1,0,0,1.250368346894757,1.250368346894757,0.0,1.5906092633361644,1.5906092633361644,0.0
80.69613922784558,1,-1.8638607721530178,-2.3638607721530036,0,1,0,0,1.2567796414569732,1.2567796414569732,0.0,1.5891915933124057,1.5891915933124057,0.0
80.71614322864573,1,-1.8438567713528613,-2.343856771352847,0,1,0,0,1.263164629433393,1.263164629433393,0.0,1.587767231878634,1.587767231878634,0.0
80.73614722944589,1,-1.8238527705527048,-2.3238527705526906,0,1,0,0,1.2882494186324702,1.2882494186324702,0.0,1.67564384752836,1.67564384752836,0.0
80.75615123024605,1,-1.8038487697525483,-2.303848769752534,0,1,0,0,1.2948752129938748,1.2948752129938748,0.0,1.6749241147872935,1.6749241147872935,0.0
80.77615523104622,1,-1.7838447689523775,-2.2838447689523633,0,1,0,0,1.3014645377175809,1.3014645377175809,0.0,1.6741856858006805,1.6741856858006805,0.0
80.79615923184637,1,-1.763840768152221,-2.263840768152207,0,1,0,0,1.308015355427483,1.308015355427483,0.0,1.6734286723520346,1.6734286723520346,0.0
80.81616323264653,1,-1.7438367673520645,-2.2438367673520503,0,1,0,0,1.3260586110789399,1.3260586110789399,0.0,1.7063775178889322,1.7063775178889322,0.0
80.83616723344669,1,-1.723832766551908,-2.2238327665518938,0,1,0,0,1.3329651022978666,1.3329651022978666,0.0,1.7065662219278532,1.7065662219278532,0.0
80.85617123424686,1,-1.7038287657517373,-2.203828765751723,0,1,0,0,1.3398240105674213,1.3398240105674213,0.0,1.7067268153757755,1.7067268153757755,0.0
80.87617523504701,1,-1.6838247649515807,-2.1838247649515665,0,1,0,0,1.3466336081948695,1.3466336081948695,0.0,1.7068594038811225,1.7068594038811225,0.0
80.89617923584717,1,-1.6638207641514242,-2.16382076415141,0,1,0,0,1.355405431480869,1.355405431480869,0.0,1.682921423428768,1.682921423428768,0.0
80.91618323664733,1,-1.6438167633512677,-2.1438167633512535,0,1,0,0,1.3626350630770647,1.3626350630770647,0.0,1.6840880684268118,1.6840880684268118,0.0
80.9361872374475,1,-1.623812762551097,-2.1238127625510828,0,1,0,0,1.3698077969301414,1.3698077969301414,0.0,1.6852203760531035,1.6852203760531035,0.0
80.95619123824765,1,-1.6038087617509404,-2.1038087617509262,0,1,0,0,1.3769221574991422,1.3769221574991422,0.0,1.686318416483153,1.686318416483153,0.0
80.97619523904781,1,-1.583804760950784,-2.0838047609507697,0,1,0,0,1.37704035232695,1.37704035232695,0.0,1.6240302378036247,1.6240302378036247,0.0
80.99619923984797,1,-1.5638007601506274,-2.063800760150613,0,1,0,0,1.3845851386946886,1.3845851386946886,0.0,1.6261060349520382,1.6261060349520382,0.0
81.01620324064814,1,-1.5437967593504567,-2.0437967593504425,0,1,0,0,1.39206555106401,1.39206555106401,0.0,1.628144081689255,1.628144081689255,0.0
81.0362072414483,1,-1.5237927585503002,-2.023792758550286,0,1,0,0,1.3994803188861582,1.3994803188861582,0.0,1.6301444021176326,1.6301444021176326,0.0
81.05621124224845,1,-1.5037887577501436,-2.0037887577501294,0,1,0,0,1.3929776393085211,1.3929776393085211,0.0,1.55151105030514,1.55151105030514,0.0
81.07621524304861,1,-1.4837847569499871,-1.983784756949973,0,1,0,0,1.4007997160860959,1.4007997160860959,0.0,1.5543642327582499,1.5543642327582499,0.0
81.09621924384878,1,-1.4637807561498164,-1.9637807561498022,0,1,0,0,1.4085515784785076,1.4085515784785076,0.0,1.5571781786949797,1.5571781786949797,0.0
81.11622324464894,1,-1.4437767553496599,-1.9437767553496457,0,1,0,0,1.4162321226863297,1.4162321226863297,0.0,1.559952867757063,1.559952867757063,0.0
81.13622724544909,1,-1.4237727545495034,-1.9237727545494892,0,1,0,0,1.405101083511133,1.405101083511133,0.0,1.4791613227417721,1.4791613227417721,0.0
81.15623124624925,1,-1.4037687537493468,-1.9037687537493326,0,1,0,0,1.4131523027993655,1.4131523027993655,0.0,1.4826585141073427,1.4826585141073427,0.0
81.17623524704942,1,-1.3837647529491761,-1.883764752949162,0,1,0,0,1.4211288235195703,1.4211288235195703,0.0,1.4861161214992775,1.4861161214992775,0.0
81.19623924784958,1,-1.3637607521490196,-1.8637607521490054,0,1,0,0,1.429029677116892,1.429029677116892,0.0,1.4895340861840423,1.4895340861840423,0.0
81.21624324864973,1,-1.343756751348863,-1.8437567513488489,0,1,0,0,1.414739140968324,1.414739140968324,0.0,1.4130266376106235,1.4130266376106235,0.0
81.23624724944989,1,-1.3237527505487066,-1.8237527505486923,0,1,0,0,1.422971854627585,1.422971854627585,0.0,1.4170569549008305,1.4170569549008305,0.0
81.25625125025006,1,-1.3037487497485358,-1.8037487497485216,0,1,0,0,1.4311264790662792,1.4311264790662792,0.0,1.421047970837738,1.421047970837738,0.0
81.27625525105022,1,-1.2837447489483793,-1.783744748948365,0,1,0,0,1.4392021545437221,1.4392021545437221,0.0,1.4249995944038985,1.4249995944038985,0.0
81.29625925185037,1,-1.2637407481482228,-1.7637407481482086,0,1,0,0,1.4227263304326905,1.4227263304326905,0.0,1.3548569123542762,1.3548569123542762,0.0
81.31626325265053,1,-1.2437367473480663,-1.743736747348052,0,1,0,0,1.431097790905191,1.431097790905191,0.0,1.3593347716517263,1.3593347716517263,0.0
81.3362672534507,1,-1.2237327465478955,-1.7237327465478813,0,1,0,0,1.4393886459214955,1.4393886459214955,0.0,1.3637739529547583,1.3637739529547583,0.0
81.35627125425086,1,-1.203728745747739,-1.7037287457477248,0,1,0,0,1.4475981221262684,1.4475981221262684,0.0,1.368174337424137,1.368174337424137,0.0
81.37627525505101,1,-1.1837247449475825,-1.6837247449475683,0,1,0,0,1.4295588213967207,1.4295588213967207,0.0,1.3045476858043699,1.3045476858043699,0.0
81.39627925585117,1,-1.163720744147426,-1.6637207441474118,0,1,0,0,1.4380323924095868,1.4380323924095868,0.0,1.3094087260472682,1.3094087260472682,0.0
81.41628325665134,1,-1.1437167433472553,-1.643716743347241,0,1,0,0,1.4464235400320065,1.4464235400320065,0.0,1.3142318931481574,1.3142318931481574,0.0
81.4362872574515,1,-1.1237127425470987,-1.6237127425470845,0,1,0,0,1.4547315581540563,1.4547315581540563,0.0,1.3190170430001371,1.3190170430001371,0.0
81.45629125825165,1,-1.1037087417469422,-1.603708741746928,0,1,0,0,1.4355214737904063,1.4355214737904063,0.0,1.261340643167982,1.261340643167982,0.0
81.47629525905181,1,-1.0837047409467857,-1.5837047409467715,0,1,0,0,1.4440664956539255,1.4440664956539255,0.0,1.266536789254226,1.266536789254226,0.0
81.49629925985198,1,-1.063700740146615,-1.5637007401466008,0,1,0,0,1.4525278340751562,1.4525278340751562,0.0,1.2716959594873418,1.2716959594873418,0.0
81.51630326065214,1,-1.0436967393464585,-1.5436967393464442,0,1,0,0,1.4609048338113104,1.4609048338113104,0.0,1.2768179853262465,1.2768179853262465,0.0
81.5363072614523,1,-1.023692738546302,-1.5236927385462877,0,1,0,0,1.440772191397586,1.440772191397586,0.0,1.2243313102015438,1.2243313102015438,0.0
81.55631126225245,1,-1.0036887377461454,-1.5036887377461312,0,1,0,0,1.449363363002032,1.449363363002032,0.0,1.2298266632542703,1.2298266632542703,0.0
81.57631526305262,1,-0.9836847369459747,-1.4836847369459605,0,1,0,0,1.457870036836025,1.457870036836025,0.0,1.2352859777985568,1.2352859777985568,0.0
81.59631926385278,1,-0.9636807361458182,-1.463680736145804,0,1,0,0,1.4662915944773922,1.4662915944773922,0.0,1.2407090602486535,1.2407090602486535,0.0
81.61632326465293,1,-0.9436767353456617,-1.4436767353456474,0,1,0,0,1.4453942506102382,1.4453942506102382,0.0,1.1926617339112773,1.1926617339112773,0.0
81.63632726545309,1,-0.9236727345455051,-1.423672734545491,0,1,0,0,1.4540108958136193,1.4540108958136193,0.0,1.198429484255173,1.198429484255173,0.0
81.65633126625326,1,-0.9036687337453344,-1.4036687337453202,0,1,0,0,1.462542584653553,1.462542584653553,0.0,1.2041621399858136,1.2041621399858136,0.0
81.67633526705342,1,-0.8836647329451779,-1.3836647329451637,0,1,0,0,1.4709887234442018,1.4709887234442018,0.0,1.2098594806526743,1.2098594806526743,0.0
81.69633926785357,1,-0.8636607321450214,-1.3636607321450072,0,1,0,0,1.449428062521528,1.449428062521528,0.0,1.1655817534737756,1.1655817534737756,0.0
81.71634326865373,1,-0.8436567313448649,-1.3436567313448506,0,1,0,0,1.4580534264407272,1.4580534264407272,0.0,1.1716019268370346,1.1716019268370346,0.0
81.7363472694539,1,-0.8236527305446941,-1.32365273054468,0,1,0,0,1.4665936585989139,1.4665936585989139,0.0,1.1775879320041465,1.1775879320041465,0.0
81.75635127025406,1,-0.8036487297445376,-1.3036487297445234,0,1,0,0,1.4750481796022241,1.4750481796022241,0.0,1.1835395187857516,1.1835395187857516,0.0
81.77635527105421,1,-0.7836447289443811,-1.2836447289443669,0,1,0,0,1.4528904262553262,1.4528904262553262,0.0,1.1424586616437844,1.1424586616437844,0.0
81.79635927185437,1,-0.7636407281442246,-1.2636407281442104,0,1,0,0,1.4615110514286624,1.4615110514286624,0.0,1.1487164677625676,1.1487164677625676,0.0
81.81636327265454,1,-0.7436367273440538,-1.2436367273440396,0,1,0,0,1.4700465939236436,1.4700465939236436,0.0,1.1549409950862035,1.1549409950862035,0.0
81.8363672734547,1,-0.7236327265438973,-1.223632726543883,0,1,0,0,1.4784964795550184,1.4784964795550184,0.0,1.1611319598311776,1.1611319598311776,0.0
81.85637127425485,1,-0.7036287257437408,-1.2036287257437266,0,1,0,0,1.4557863671543205,1.4557863671543205,0.0,1.1227683569301916,1.1227683569301916,0.0
81.87637527505501,1,-0.6836247249435843,-1.18362472494357,0,1,0,0,1.4643915596343597,1.4643915596343597,0.0,1.1292529529767894,1.1292529529767894,0.0
81.89637927585518,1,-0.6636207241434136,-1.1636207241433993,0,1,0,0,1.4729118953235218,1.4729118953235218,0.0,1.1357051049512108,1.1357051049512108,0.0
81.91638327665534,1,-0.643616723343257,-1.1436167233432428,0,1,0,0,1.481346797286697,1.481346797286697,0.0,1.1421244906331889,1.1421244906331889,0.0
81.9363872774555,1,-0.6236127225431005,-1.1236127225430863,0,1,0,0,1.4581166982100724,1.4581166982100724,0.0,1.1060813705686865,1.1060813705686865,0.0
81.95639127825565,1,-0.603608721742944,-1.1036087217429298,0,1,0,0,1.4666980777446126,1.4666980777446126,0.0,1.1127849026126386,1.1127849026126386,0.0
81.97639527905581,1,-0.5836047209427875,-1.0836047209427733,0,1,0,0,1.4751949644114597,1.4751949644114597,0.0,1.1194567535993774,1.1194567535993774,0.0
81.99639927985598,1,-0.5636007201426168,-1.0636007201426025,0,1,0,0,1.4836067714988939,1.4836067714988939,0.0,1.126096556962976,1.126096556962976,0.0
82.01640328065614,1,-0.5435967193424602,-1.043596719342446,0,1,0,0,1.459883270941871,1.459883270941871,0.0,1.0920491737725273,1.0920491737725273,0.0
82.03640728145629,1,-0.5235927185423037,-1.0235927185422895,0,1,0,0,1.4684343937695756,1.4684343937695756,0.0,1.0989659980752886,1.0989659980752886,0.0
82.05641128225645,1,-0.5035887177421472,-1.003588717742133,0,1,0,0,1.4769014942178131,1.4769014942178131,0.0,1.1058518159558453,1.1058518159558453,0.0
82.07641528305662,1,-0.48358471694197647,-0.9835847169419623,0,1,0,0,1.4852839695529019,1.4852839695529019,0.0,1.1127062093818452,1.1127062093818452,0.0
82.09641928385678,1,-0.46358071614181995,-0.9635807161418057,0,1,0,0,1.4610932387745055,1.4610932387745055,0.0,1.0803932370494649,1.0803932370494649,0.0
82.11642328465693,1,-0.44357671534166343,-0.9435767153416492,0,1,0,0,1.4696092802096112,1.4696092802096112,0.0,1.087519245600233,1.087519245600233,0.0
82.13642728545709,1,-0.4235727145415069,-0.9235727145414927,0,1,0,0,1.4780418509852913,1.4780418509852913,0.0,1.0946148184418354,1.0946148184418354,0.0
82.15643128625726,1,-0.4035687137413362,-0.903568713741322,0,1,0,0,1.4863903267737464,1.4863903267737464,0.0,1.10167947754108,1.10167947754108,0.0
82.17643528705742,1,-0.38356471294117966,-0.8835647129411655,0,1,0,0,1.4617633934640657,1.4617633934640657,0.0,1.0708987998267223,1.0708987998267223,0.0
82.19643928785757,1,-0.36356071214102315,-0.8635607121410089,0,1,0,0,1.4702408776820963,1.4702408776820963,0.0,1.0782307793036627,1.0782307793036627,0.0
82.21644328865773,1,-0.3435567113408666,-0.8435567113408524,0,1,0,0,1.478635504237895,1.478635504237895,0.0,1.0855327779506798,1.0855327779506798,0.0
82.2364472894579,1,-0.3235527105406959,-0.8235527105406817,0,1,0,0,1.4869466222412688,1.4869466222412688,0.0,1.092804247544951,1.092804247544951,0.0
82.25645129025806,1,-0.3035487097405394,-0.8035487097405252,0,1,0,0,1.46192572434233,1.46192572434233,0.0,1.0634167551609177,1.0634167551609177,0.0
82.27645529105821,1,-0.28354470894038286,-0.7835447089403687,0,1,0,0,1.4703622893254162,1.4703622893254162,0.0,1.0709516872498135,1.0709516872498135,0.0
82.29645929185837,1,-0.26354070814022634,-0.7635407081402121,0,1,0,0,1.4787166559696197,1.4787166559696197,0.0,1.0784569753106013,1.0784569753106013,0.0
82.31646329265854,1,-0.2435367073400556,-0.7435367073400414,0,1,0,0,1.4869881424203015,1.4869881424203015,0.0,1.08593198883298,1.08593198883298,0.0
82.3364672934587,1,-0.2235327065398991,-0.7235327065398849,0,1,0,0,1.4616359188520927,1.4616359188520927,0.0,1.057882202199679,1.057882202199679,0.0
82.35647129425885,1,-0.20352870573974258,-0.7035287057397284,0,1,0,0,1.470030104748729,1.470030104748729,0.0,1.0656163358653736,1.0656163358653736,0.0
82.37647529505901,1,-0.18352470493958606,-0.6835247049395718,0,1,0,0,1.4783427880266726,1.4783427880266726,0.0,1.0733210656181635,1.0733210656181635,0.0
82.39647929585918,1,-0.16352070413941533,-0.6635207041394011,0,1,0,0,1.4865732520111292,1.4865732520111292,0.0,1.0809956644000254,1.0809956644000254,0.0
82.41648329665934,1,-0.1435167033392588,-0.6435167033392446,0,1,0,0,1.4609879904945218,1.4609879904945218,0.0,1.054374295066197,1.054374295066197,0.0
82.4364872974595,1,-0.12351270253910229,-0.6235127025390881,0,1,0,0,1.469339040192524,1.469339040192524,0.0,1.0623015860197755,1.0623015860197755,0.0
82.45649129825965,1,-0.10350870173894577,-0.6035087017389316,0,1,0,0,1.477609314941107,1.477609314941107,0.0,1.0701996945768353,1.0701996945768353,0.0
82.47649529905982,1,-0.08350470093877504,-0.5835047009387608,0,1,0,0,1.4857980599141305,1.4857980599141305,0.0,1.0780677803967906,1.0780677803967906,0.0
82.49649929985998,1,-0.06350070013861853,-0.5635007001386043,0,1,0,0,1.460141607093533,1.460141607093533,0.0,1.053296336844336,1.053296336844336,0.0
82.51650330066013,1,-0.04349669933846201,-0.5434966993384478,0,1,0,0,1.4684492735896144,1.4684492735896144,0.0,1.0614050959874826,1.0614050959874826,0.0
82.53650730146029,1,-0.02349269853830549,-0.5234926985382913,0,1,0,0,1.4766769267963225,1.4766769267963225,0.0,1.0694850935003197,1.0694850935003197,0.0
82.55651130226046,1,-0.0034886977381347606,-0.5034886977381205,0,1,0,0,1.484823770893399,1.484823770893399,0.0,1.0775353558902108,1.0775353558902108,0.0
82.57651530306062,1,0.016515303062021758,-0.48348469693796403,1,1,0,0,1.459375585552919,1.459375585552919,0.0,1.0559520548545016,1.0559520548545016,0.0
82.59651930386077,1,0.036519303862178276,-0.4634806961378075,1,1,0,0,1.467639981044123,1.467639981044123,0.0,1.0642160872999238,1.0642160872999238,0.0
82.61652330466093,1,0.056523304662334795,-0.443476695337651,1,1,0,0,1.4758251689651325,1.4758251689651325,0.0,1.0724525566394116,1.0724525566394116,0.0
82.6365273054611,1,0.07652730546250552,-0.42347269453748027,1,1,0,0,1.4839303101462709,1.4839303101462709,0.0,1.080660331731075,1.080660331731075,0.0
82.65653130626126,1,0.09653130626266204,-0.40346869373732375,1,1,0,0,1.459183326438945,1.459183326438945,0.0,1.0663237633099316,1.0663237633099316,0.0
82.67653530706141,1,0.11653530706281856,-0.38346469293716723,1,1,0,0,1.4674050989274559,1.4674050989274559,0.0,1.074677626458674,1.074677626458674,0.0
82.69653930786157,1,0.13653930786297508,-0.3634606921370107,1,1,0,0,1.4755485313153338,1.4755485313153338,0.0,1.0830073233551625,1.0830073233551625,0.0
82.71654330866174,1,0.1565433086631458,-0.34345669133684,1,1,0,0,1.4836127395513228,1.4836127395513228,0.0,1.0913115376197227,1.0913115376197227,0.0
82.7365473094619,1,0.17654730946330233,-0.32345269053668346,1,1,0,0,1.4602567764373815,1.4602567764373815,0.0,1.0908689814634545,1.0908689814634545,0.0
82.75655131026205,1,0.19655131026345884,-0.30344868973652694,1,1,0,0,1.4684394242102785,1.4684394242102785,0.0,1.0991941835165535,1.0991941835165535,0.0
82.77655531106221,1,0.21655531106361536,-0.2834446889363704,1,1,0,0,1.4765446584283908,1.4765446584283908,0.0,1.107501784008254,1.107501784008254,0.0
82.79655931186238,1,0.2365593118637861,-0.2634406881361997,1,1,0,0,1.4845715512263662,1.4845715512263662,0.0,1.1157902948705467,1.1157902948705467,0.0
82.81656331266254,1,0.2565633126639426,-0.24343668733604318,1,1,0,0,1.4616078344522008,1.4616078344522008,0.0,1.1170712873639561,1.1170712873639561,0.0
82.8365673134627,1,0.27656731346409913,-0.22343268653588666,1,1,0,0,1.4697680592778606,1.4697680592778606,0.0,1.1253822491400813,1.1253822491400813,0.0
82.85657131426285,1,0.29657131426425565,-0.20342868573573014,1,1,0,0,1.4778516534585928,1.4778516534585928,0.0,1.1336793445666327,1.1336793445666327,0.0
82.87657531506302,1,0.3165753150644264,-0.1834246849355594,1,1,0,0,1.485857651916944,1.485857651916944,0.0,1.1419609934372874,1.1419609934372874,0.0
82.89657931586318,1,0.3365793158645829,-0.1634206841354029,1,1,0,0,1.4595661965238502,1.4595661965238502,0.0,1.1277734313861345,1.1277734313861345,0.0
82.91658331666333,1,0.3565833166647394,-0.14341668333524638,1,1,0,0,1.4677269596940976,1.4677269596940976,0.0,1.1362161495403476,1.1362161495403476,0.0
82.93658731746349,1,0.37658731746489593,-0.12341268253508986,1,1,0,0,1.4758115209531564,1.4758115209531564,0.0,1.1446424628250118,1.1446424628250118,0.0
82.95659131826366,1,0.39659131826506666,-0.10340868173491913,1,1,0,0,1.483818878275451,1.483818878275451,0.0,1.1530507273896209,1.1530507273896209,0.0
82.97659531906382,1,0.4165953190652232,-0.08340468093476261,1,1,0,0,1.4548341413725372,1.4548341413725372,0.0,1.128495689454551,1.128495689454551,0.0
82.99659931986398,1,0.4365993198653797,-0.06340068013460609,1,1,0,0,1.4630069982507787,1.4630069982507787,0.0,1.1371543921372123,1.1371543921372123,0.0
83.01660332066413,1,0.4566033206655362,-0.04339667933444957,1,1,0,0,1.4711038923558954,1.4711038923558954,0.0,1.145791976877552,1.145791976877552,0.0
83.0366073214643,1,0.47660732146570695,-0.023392678534278843,1,1,0,0,1.4791237772256067,1.4791237772256067,0.0,1.1544067050968188,1.1544067050968188,0.0
83.05661132226446,1,0.49661132226586346,-0.003388677734122325,1,1,0,0,1.4485164176521874,1.4777132936877395,-2.0156399803100298,1.128597344255234,1.1544441692582859,-2.290172410436455
83.07661532306462,1,0.51661532306602,0.016615323066034193,0,1,1,1,1.45670803811329,1.444460503022001,0.840768003666116,1.1374770950651543,1.133967483150638,0.30854352406237645
83.09661932386477,1,0.5366193238661765,0.03661932386619071,0,1,1,1,1.4648238187342326,1.4526739230135013,0.8294441669599668,1.14633124259252,1.1428470381362115,0.30394394978093636
83.11662332466494,1,0.5566233246663472,0.05662332466636144,0,1,1,1,1.4728626593832967,1.460811201982171,0.8182336163082408,1.1551579328395747,1.151700347602052,0.29931710108447046
83.1366273254651,1,0.5766273254665037,0.07662732546651796,0,1,1,1,1.4412090068759047,1.468871233464552,-1.9193764718838668,1.1298934077118308,1.1605255593963097,-2.711065616933967
83.15663132626526,1,0.5966313262666603,0.09663132626667448,0,1,1,1,1.4494246020161778,1.4364313002299534,0.8964455114222949,1.1389856465127632,1.1347358410163557,0.3731219536803793
83.17663532706541,1,0.6166353270668168,0.116635327066831,0,1,1,1,1.4575643715864992,1.4446723358989961,0.8844916861867737,1.148048116647903,1.1438310752186611,0.3673227078282194
83.19663932786558,1,0.6366393278669875,0.13663932786700173,0,1,1,1,1.46562715294929,1.4528371511099978,0.8726640887864787,1.1570788316353349,1.152895974932256,0.3615014455987472
83.21664332866574,1,0.656643328667144,0.15664332866715824,0,1,1,1,1.433240601971283,1.4609245765285557,-1.9315650505013724,1.1324950178332107,1.1619285504259627,-2.598998859091387
83.2366473294659,1,0.6766473294673006,0.17664732946731476,0,1,1,1,1.4414849308052804,1.4278818715919008,0.9436837612849872,1.1417913566920543,1.1370514662873943,0.41512754295077564
83.25665133026605,1,0.6966513302674571,0.19665133026747128,0,1,1,1,1.4496533277584644,1.4361545733817378,0.93117120612548,1.151053886913634,1.1463537126362269,0.408336597516721
83.27665533106622,1,0.7166553310676278,0.216655331067642,0,1,1,1,1.4577445603515036,1.4443508648869077,0.9187957773182361,1.1602804675318983,1.155621690702374,0.40152161135955994
83.29665933186638,1,0.7366593318677843,0.23665933186779853,0,1,1,1,1.4248136121234778,1.4524695073316518,-1.9410184583341341,1.136258477059308,1.1648532485687784,-2.516572776950802
83.31666333266654,1,0.7566633326679408,0.25666333266795505,0,1,1,1,1.4330912610181483,1.418990201849399,0.9839610046000276,1.1457522912221885,1.1406669772190332,0.4438406139018664
83.33666733346669,1,0.7766673334680974,0.27666733346811156,0,1,1,1,1.4412927377075,1.427298603889054,0.9709431992771167,1.1552081826643654,1.150170203515442,0.43611006436120364
83.35667133426686,1,0.7966713342682681,0.2966713342682823,0,1,1,1,1.4494167346636002,1.4355302855673933,0.9580715307133462,1.1646238284418071,1.159635150247285,0.4283510325558618
83.37667533506702,1,0.8166753350684246,0.3166753350684388,0,1,1,1,1.4160665516078192,1.4436839344135506,-1.950288478629357,1.1410306181323002,1.1690594737667568,-2.4564507901055004
83.39667933586718,1,0.8366793358685811,0.33667933586859533,0,1,1,1,1.4243820037531696,1.4098775729430106,1.0182964100880636,1.1507165691639816,1.1453853804706453,0.4632929459953356
83.41668333666733,1,0.8566833366687376,0.35668333666875185,0,1,1,1,1.4326209012910844,1.4182257271813274,1.0048139111180072,1.160360225515988,1.1550852016750908,0.45460226271987925
83.4366873374675,1,0.8766873374689084,0.3766873374689226,0,1,1,1,1.4407818587757155,1.426496728019714,0.9914846351646914,1.16995905236578,1.1647424569908045,0.44587845740643034
83.45669133826766,1,0.8966913382690649,0.3966913382690791,0,1,1,1,1.4071029220238291,1.4346891874173369,-1.9605008959707466,1.1466824364929014,1.1743545800613082,-2.4132351458213135
83.47669533906782,1,0.9166953390692214,0.4166953390692356,0,1,1,1,1.4154605748733156,1.4006349967968852,1.047403109603195,1.156555689196355,1.1510567369346834,0.47545935859714167
83.49669933986797,1,0.9366993398693779,0.43669933986939213,0,1,1,1,1.4237411481079765,1.409026985218009,1.0334858207561959,1.1663818526392977,1.1609494445471276,0.46574868083532556
83.51670334066814,1,0.9567033406695487,0.45670334066956286,0,1,1,1,1.4319431777354112,1.4173412699401222,1.0197267616709236,1.1761581516884863,1.1707948564499533,0.456001195998467
83.5367073414683,1,0.9767073414697052,0.4767073414697194,0,1,1,1,1.3980057115624567,1.4255763876628347,-1.9721433090258347,1.1531053055700475,1.1805901549287217,-2.383550680576112
83.55671134226846,1,0.9967113422698617,0.4967113422698759,0,1,1,1,1.4064098920055457,1.391336236300422,1.0717825429703538,1.1631607792491894,1.157560728656575,0.4814511194427615
83.57671534306861,1,1.0167153430700182,0.5167153430700324,0,1,1,1,1.4147363321852355,1.3997761939246551,1.0574506302154985,1.1731638062816312,1.167642479253153,0.4706356434552949
83.59671934386878,1,1.036719343870189,0.5367193438702031,0,1,1,1,1.4229834909364198,1.4081377938640196,1.0432796421714468,1.1831113475630184,1.1776716229017103,0.4597812938328103
83.61672334466894,1,1.0567233446703455,0.5567233446703597,0,1,1,1,1.3888452902391428,1.41641949976142,-1.9854054095203877,1.1602020070879413,1.1876450671962138,-2.365369128877255
83.6367273454691,1,1.076727345470502,0.5767273454705162,0,1,1,1,1.3973002806046515,1.3820448404698773,1.0917796515558373,1.170433740090894,1.1647918246985602,0.482036291255204
83.65673134626925,1,1.0967313462706585,0.5967313462706727,0,1,1,1,1.4056767479412315,1.39053699408713,1.0770437710003695,1.180606996284838,1.175057996964653,0.470012403589565
83.67673534706942,1,1.1167353470708292,0.6167353470708434,0,1,1,1,1.4139730770410954,1.3989500526047018,1.0624689168644585,1.1907184561547177,1.1852655653992084,0.45794962926154864
83.69673934786958,1,1.1367393478709857,0.636739347871,0,1,1,1,1.3796840466365634,1.4072824104241817,-2.000339415020302,1.1678786290154077,1.1954111470386637,-2.357481106274505
83.71674334866974,1,1.1567433486711423,0.6567433486711565,0,1,1,1,1.388194121500364,1.3728182832896652,1.1076144159204853,1.1782792776546545,1.172648242272844,0.4779032856301282
83.7367473494699,1,1.1767473494712988,0.676747349471313,0,1,1,1,1.3966247874390922,1.3813670014993165,1.0924756654042405,1.1886146713000205,1.183092953972311,0.4645506622991881
83.75675135027006,1,1.1967513502714695,0.6967513502714837,0,1,1,1,1.4049743598988287,1.3898358294540183,1.0774951399042265,1.198881202638311,1.1934723117863706,0.45116153627544353
83.77675535107022,1,1.216755351071626,0.7167553510716402,0,1,1,1,1.3705793011571819,1.3982230975180665,-2.0169424955962025,1.1760381803346365,1.203782635428842,-2.359145779290164
83.79675935187038,1,1.2367593518717825,0.7367593518717968,0,1,1,1,1.3791487705418488,1.3637105913020229,1.1193991228198306,1.1865986576276832,1.1810238222241953,0.46981642593743056
83.81676335267053,1,1.256763352671939,0.7567633526719533,0,1,1,1,1.3876378654555408,1.372320438540864,1.1038490153659986,1.1970863169397572,1.1916395980507855,0.4549980074031579
83.83676735347069,1,1.2767673534720956,0.7767673534721098,0,1,1,1,1.3960448381311823,1.3808495726235743,1.088451107913492,1.207497266338904,1.2021824888988937,0.4401481964530369
83.85677135427086,1,1.2967713542722663,0.7967713542722805,0,1,1,1,1.3615852412288738,1.3892962662905632,-2.0352031016933876,1.1845757832308916,1.212648520896478,-2.3698557798487823
83.87677535507102,1,1.3167753550724228,0.816775355072437,0,1,1,1,1.3702184946355467,1.3547741181654094,1.127146986455268,1.195285039115561,1.189801993682408,0.4587228362876562
83.89677935587117,1,1.3367793558725793,0.8367793558725936,0,1,1,1,1.3787703555385582,1.3634499046899735,1.1111677000482363,1.2059131344818168,1.2005795775697885,0.4422836736345975
83.91678335667133,1,1.3567833566727359,0.8567833566727501,0,1,1,1,1.387239020422812,1.3720441606833313,1.095331050798258,1.2164559078611512,1.211275979330208,0.42582131398835193
83.9367873574715,1,1.3767873574729066,0.8767873574729208,0,1,1,1,1.3527542569066995,1.3805551087112897,-2.0551295006205765,1.193375209416068,1.2218869470031997,-2.389167913173166
83.95679135827166,1,1.396791358273063,0.8967913582730773,0,1,1,1,1.3614558024452674,1.3460607912979525,1.1307756828877153,1.2042201540493158,1.1988513048999678,0.4458361813074355
83.97679535907182,1,1.4167953590732196,0.9167953590732338,0,1,1,1,1.3700749150401776,1.354807610884184,1.1143408282565284,1.2149748668069624,1.2097796126462692,0.4276017803023946
83.99679935987197,1,1.4367993598733761,0.9367993598733904,0,1,1,1,1.3786097441011016,1.363472123581769,1.098035218748781,1.2256349447575912,1.2206177361216672,0.4093558736542254
84.01680336067214,1,1.4568033606735469,0.9568033606735611,0,1,1,1,1.3441378745254975,1.372052510056316,-2.076768764563883,1.2023066083526917,1.2313611735394006,-2.4165687009337193
84.0368073614723,1,1.4768073614737034,0.9768073614737176,0,1,1,1,1.352912367345521,1.3376229935025257,1.1301082177993407,1.2132721797674348,1.2080222506783225,0.43270827244375615
84.05681136227246,1,1.49681136227386,0.9968113622738741,0,1,1,1,1.3616033965120187,1.3464462404261313,1.1131843622537279,1.2241378180846685,1.2190884584484631,0.4124829379183593
84.07681536307261,1,1.5168153630740164,1.0168153630740306,0,1,1,1,1.3702090740538426,1.3551864816196288,1.096372277682308,1.234898920591194,1.2300548844128358,0.3922617549976584
84.09681936387278,1,1.5368193638741872,1.0368193638742014,0,1,1,1,1.335787392557468,1.3638418646673849,-2.1002198603031066,1.2112253687829468,1.2409168184835868,-2.4513563260711986
84.11682336467294,1,1.5568233646743437,1.056823364674358,0,1,1,1,1.3446396466486303,1.329514160158878,1.1248728629600475,1.2222947430786237,1.2171453125707896,0.4212920440829289
84.1368273654731,1,1.5768273654745002,1.0768273654745144,0,1,1,1,1.3534074492417225,1.338419516881168,1.1074220382747233,1.233254001386093,1.2283350725339501,0.3988577248980678
84.15683136627325,1,1.5968313662746567,1.096831366274671,0,1,1,1,1.3620888854264441,1.3472412826130673,1.0900612267112306,1.2440983963436492,1.2394150164970907,0.3764477038410041
84.17683536707342,1,1.6168353670748274,1.1168353670748417,0,1,1,1,1.327754274185061,1.3559775808575705,-2.1256423135848825,1.219972126853843,1.250380280550511,-2.492528560884986
84.19683936787358,1,1.636839367874984,1.1368393678749982,0,1,1,1,1.3366892515638078,1.3217891310668495,1.1147033971827414,1.2311270621177157,1.2260302675096624,0.41399419807132865
84.21684336867374,1,1.6568433686751405,1.1568433686751547,0,1,1,1,1.345538865290715,1.3307825183040651,1.0966867897540526,1.242161412391215,1.2373280332253562,0.38911039399898373
84.23684736947389,1,1.676847369475297,1.1768473694753112,0,1,1,1,1.3543011843356185,1.339691876841339,1.0787340115519706,1.253070353040332,1.2485057174628933,0.36427608125621114
84.25685137027406,1,1.6968513702754677,1.196851370275482,0,1,1,1,1.320090325526843,1.3485153148437123,-2.153260937316923,1.2283739800183988,1.2595583685430425,-2.538672182243439
84.27685537107422,1,1.7168553710756242,1.2168553710756385,0,1,1,1,1.3291130971480036,1.3145042777620883,1.0991404280992145,1.2395952745409633,1.2344669331434015,0.41371095089571736
84.29685937187438,1,1.7368593718757808,1.236859371875795,0,1,1,1,1.3380496996452735,1.323591759696186,1.0805233881013927,1.250685466118955,1.2458563652930148,0.3861163303452773
84.31686337267453,1,1.7568633726759373,1.2568633726759515,0,1,1,1,1.3468981966154268,1.3325949528458574,1.0619394847740902,1.26163973002234,1.2571154647535832,0.3586019971546727
84.3368673734747,1,1.776867373476108,1.2768673734761222,0,1,1,1,1.3128476775600735,1.3415119580458525,-2.1833668121386034,1.2362469876317546,1.268239267104367,-2.587854999258616
84.35687137427486,1,1.7968713742762645,1.2968713742762787,0,1,1,1,1.321963351305079,1.3077174235200215,1.0776340940914537,1.247515020176038,1.2422276141961683,0.4238350556391419
84.37687537507502,1,1.816875375076421,1.3168753750764353,0,1,1,1,1.3309921846534576,1.316905063233343,1.0583924971567258,1.2586416514896135,1.2536920241337062,0.39325151444411427
84.39687937587517,1,1.8368793758765776,1.3368793758765918,0,1,1,1,1.3399322460077547,1.3260083560981715,1.0391488040584613,1.2696221400421144,1.2650161393275847,0.36278516018765017
84.41688337667534,1,1.8568833766767483,1.3568833766767625,0,1,1,1,1.306078588636355,1.3350254024196848,-2.216314855414054,1.2434000379319137,1.2761950628470875,-2.6375280613405954
84.4368873774755,1,1.8768873774769048,1.376887377476919,0,1,1,1,1.3152922016819144,1.301487579023006,1.0495479743022778,1.254695345382091,1.2490715907579728,0.4482167439941878
84.45689137827566,1,1.8968913782770613,1.3968913782770755,0,1,1,1,1.3244184597087576,1.3107812430937784,1.0296758184703978,1.2658394587477866,1.26059436849826,0.4143566716363317
84.47689537907581,1,1.9168953790772179,1.416895379077232,0,1,1,1,1.3334554450457807,1.3199907214123014,1.0097617947045097,1.2768278044100896,1.2719674679630595,0.38065715911282466
84.49689937987598,1,1.9368993798773886,1.4368993798774028,0,1,1,1,1.299835089751683,1.32911411894517,-2.252518755981607,1.2496401346284205,1.283186140460381,-2.684453299984273
84.51690338067614,1,1.956903380677545,1.4569033806775593,0,1,1,1,1.309151465612168,1.2958745269764904,1.0141636765818618,1.260943973447396,1.2547520258321985,0.49105652158904545
84.5369073814763,1,1.9769073814777016,1.4769073814777158,0,1,1,1,1.3183801445083092,1.305279643591156,0.9936816002367088,1.2720876161922439,1.266316994481078,0.4536339822597449
84.55691138227645,1,1.9969113822778581,1.4969113822778723,0,1,1,1,1.3275192303300838,1.314600963415023,0.9731133545876105,1.2830667379898812,1.27772376593849,0.416421990625516
84.57691538307662,1,2.016915383078029,1.516915383078043,0,0,0,1,1.294168503258419,1.3238365993821657,-2.2924446120462147,1.254779097413421,1.288967815881546,-2.724680267514904
84.59691938387678,1,2.0369193838781854,1.5369193838781996,0,0,0,1,1.303592077697054,1.2909382982434758,0.9706855135183481,1.2660739330906479,1.2590256228493548,0.5567060546051382
84.61692338467694,1,2.056923384678342,1.5569233846783561,0,0,0,1,1.3129277945540676,1.3004595798366039,0.9496496889761198,1.277200627768783,1.270617266785648,0.515452376079397
84.6369273854771,1,2.0769273854784984,1.5769273854785126,0,0,0,1,1.3221737851182018,1.3098976810966556,0.928478855028028,1.288155176987301,1.2820433231979427,0.47446564657314994
84.65693138627726,1,2.096931386278669,1.5969313862786834,0,0,0,1,1.2891288739918891,1.3192507242445055,-2.336605040839842,1.2586415676301699,1.2932995586604716,-2.753602925696906
84.67693538707742,1,2.1169353870788257,1.6169353870788399,0,0,0,1,1.298663498421405,1.2867385840473557,0.9182451334425401,1.2699114428659664,1.261665171654625,0.6493579735553039
84.69693938787758,1,2.136939387878982,1.6369393878789964,0,0,0,1,1.3081102868481145,1.2963797326021975,0.8967557524665349,1.2810065180764396,1.2732687031561547,0.6040418070552851
84.71694338867773,1,2.1569433886791387,1.656943388679153,0,0,0,1,1.3174674018443286,1.3059385352997532,0.875077935775572,1.2919231670756102,1.2847006094152709,0.559054736721553
84.7369473894779,1,2.1769473894793094,1.6769473894793236,0,0,0,1,1.284764356161967,1.315413123073577,-2.385555511764695,1.2610740509453264,1.2959570006211456,-2.7661301610060263
84.75695139027806,1,2.196951390279466,1.6969513902794802,0,0,0,1,1.2944130914643492,1.2833341179834408,0.8559070944172082,1.2723047990642358,1.2624747190423666,0.7726198965137157
84.77695539107822,1,2.2169553910796225,1.7169553910796367,0,0,0,1,1.3039741877978448,1.293097537511343,0.8341154593612303,1.2833555503402747,1.274075976857148,0.7230711302620987
84.79695939187837,1,2.236959391879779,1.7369593918797932,0,0,0,1,1.3134458409657968,1.3027796456239051,0.8120772862662232,1.2942230975129654,1.2855010937280633,0.6739181059017292
84.81696339267855,1,2.2569633926799497,1.756963392679964,0,0,0,1,1.2811205968187704,1.312378579780182,-2.4398938740841487,1.2619545098198175,1.296746559457,-2.756997131548755
84.8369673934787,1,2.2769673934801062,1.7769673934801204,0,0,0,1,1.2908855138970368,1.280782036046346,0.7826780719065872,1.273133802881083,1.2613064598369506,0.9289945029632677
84.85697139427886,1,2.2969713942802628,1.796971394280277,0,0,0,1,1.3005631508632118,1.2906685808980638,0.7607911971503112,1.2841294778894585,1.2728916690717866,0.8751305075670316
84.87697539507901,1,2.3169753950804193,1.8169753950804335,0,0,0,1,1.3101517369385072,1.3004750231104898,0.7385948936441065,1.2949387681624138,1.2842978484952492,0.8217314925449836
84.89697939587919,1,2.33697939588059,1.8369793958806042,0,0,0,1,1.2782401460883155,1.3101995032982177,-2.5002623574063567,1.261201758417596,1.2955218855002855,-2.7212241700130635
84.91698339667934,1,2.3569833966807465,1.8569833966807607,0,0,0,1,1.2881221510977783,1.2791371873656137,0.6975242002093784,1.2723190055177283,1.258077632812896,1.1193240565511493
84.9369873974795,1,2.376987397480903,1.8769873974809173,0,0,0,1,1.297917377288353,1.2891459753823018,0.6758058763629978,1.2832506348528596,1.2696330904398379,1.0611757394207861
84.95699139827965,1,2.3969913982810596,1.8969913982810738,0,0,0,1,1.3076240860294437,1.2990760119547646,0.6537103565165272,1.2939943229297102,1.2810082920932495,1.0035616545101382
84.97699539907983,1,2.4169953990812303,1.9169953990812445,0,0,0,1,1.276161907459235,1.3089254368214231,-2.5673489524082793,1.258783663262219,1.2922005230754334,-2.6546944314968766
84.99699939987998,1,2.436999399881387,1.936999399881401,0,0,0,1,1.2861606089178714,1.2784513357066438,0.5994020620577012,1.269829798035977,1.2527849277328447,1.3422956627333271
85.01700340068014,1,2.4570034006815433,1.9570034006815575,0,0,0,1,1.2960731515330344,1.2885796506986293,0.578169590623916,1.2806899164970207,1.2642967019157327,1.2800299565196185
85.0370074014803,1,2.4770074014817,1.977007401481714,0,0,0,1,1.3058978264781207,1.2986306711161408,0.5564872851943303,1.2913621234697752,1.2756286248717363,1.2183645711835145
85.05701140228047,1,2.4970114022818706,1.9970114022818848,0,0,0,1,1.2749206230828638,1.308602531670131,-2.6418827946967887,1.2547229998062035,1.2867783642839123,-2.5547761922480032
