rank,index,distance,category_id,category,source_row_idx,r_pair,v_rad_norm,v_tan_norm,min_r_ias,min_r_nonn,relE_nonn,pos_residual_rms,vel_residual_rms,pos_resid_cos_to_event,vel_resid_cos_to_event
1,2468,0.08423409449952747,0,strong_approach,-2,0.13934940099716187,-1.0231415033340454,0.8803852200508118,0.05610613524913788,0.061120182275772095,5.2943134505767375e-05,0.005307442042976618,0.02677479386329651,0.615084382816775,-0.32656597282665456
2,2821,0.1035527956693589,0,strong_approach,-2,0.13948336243629456,-1.0681513547897339,0.9011751413345337,0.057513389736413956,0.0631645917892456,0.0004558656073641032,0.004919629078358412,0.023732421919703484,-0.7303563755961735,-0.8924598100224401
3,2592,0.11108712380145465,0,strong_approach,-2,0.13984698057174683,-1.0569019317626953,0.9020990133285522,0.05804560333490372,0.06296379119157791,6.740743265254423e-05,0.008409442380070686,0.031079838052392006,-0.9938980446528497,-0.9906102934536768
4,2719,0.1253822152797347,0,strong_approach,-2,0.14185689389705658,-1.0939135551452637,0.8984120488166809,0.057347945868968964,0.060140836983919144,0.000515198684297502,0.0029205819591879845,0.01910676807165146,0.9030254640057461,0.9366587431268477
5,2838,0.13001497663372716,0,strong_approach,-2,0.139651820063591,-1.188246488571167,0.9080666303634644,0.05505509674549103,0.06567297130823135,0.019354689866304398,0.01870565302670002,0.0591842457652092,0.9145380107167234,0.4095473095395491
6,2771,0.1306495885985397,0,strong_approach,-2,0.13889433443546295,-0.9183931946754456,0.8637898564338684,0.05655132234096527,0.0616179034113884,5.449996388051659e-05,0.0069346739910542965,0.036047808825969696,-0.1958506630607208,-0.23260379488120295
7,2749,0.1347401264901899,0,strong_approach,-2,0.14199204742908478,-1.167830467224121,0.9061670303344727,0.05639304220676422,0.06284472346305847,0.0002988131018355489,0.00522408215329051,0.024596121162176132,0.9360409045720495,0.9186101786571944
8,2567,0.13631507181242192,0,strong_approach,-2,0.13728202879428864,-1.0932929515838623,0.9178211688995361,0.057475294917821884,0.060738705098629,0.00034280531690455973,0.003298192285001278,0.01781715638935566,-0.5466678023489556,-0.5637585005193833
9,2543,0.13644261286657233,0,strong_approach,-2,0.13998055458068848,-1.1405119895935059,0.9211590886116028,0.05765736848115921,0.06314443051815033,0.0013729040510952473,0.009602278470993042,0.03170573338866234,0.520167257264439,-0.39933213884596724
10,2854,0.1456072786906354,0,strong_approach,-2,0.13699914515018463,-0.9256042838096619,0.8753427863121033,0.056943379342556,0.06038997694849968,0.0007463899091817439,0.003947567194700241,0.024240486323833466,0.19373217387494293,0.1900810216388399
11,2845,0.14763396061540415,0,strong_approach,-2,0.1425594836473465,-1.0470913648605347,0.8983615636825562,0.05877106264233589,0.06388672441244125,0.00016556662740185857,0.010133283212780952,0.03925115615129471,-0.6702585772557327,-0.9297139601717391
12,2765,0.14925023697697445,0,strong_approach,-2,0.1355566531419754,-0.9369561076164246,0.8649097681045532,0.05500587075948715,0.062393058091402054,0.0035996888764202595,0.013273440301418304,0.04258424788713455,-0.8265007293936978,-0.851550684891625
13,2520,0.14982597096752523,0,strong_approach,-2,0.13515448570251465,-1.0022046566009521,0.8946593403816223,0.05638633295893669,0.061361294239759445,0.0007844167994335294,0.00947684794664383,0.03788452968001366,0.8914746253549746,0.7715386721070644
14,2619,0.1511146905167198,0,strong_approach,-2,0.1387138068675995,-0.9111970067024231,0.8720370531082153,0.057831745594739914,0.06537036597728729,0.0008413464529439807,0.007411920931190252,0.035059038549661636,-0.8634910883794792,-0.5082424131768324
15,2626,0.15197427419885853,0,strong_approach,-2,0.1444154679775238,-1.06649649143219,0.864006519317627,0.0554230660200119,0.06102113425731659,0.0017398474738001823,0.010975280776619911,0.04671149328351021,0.8691408732637405,0.8893598029209818
16,2500,0.1536999394635764,0,strong_approach,-2,0.1350630223751068,-0.9834784865379333,0.8902231454849243,0.056634142994880676,0.06162510812282562,0.001758253900334239,0.007742778398096561,0.03271220251917839,-0.6902683292944556,-0.8435384749029573
17,2741,0.1564368625065346,0,strong_approach,-2,0.1356040984392166,-0.9511235356330872,0.8770948648452759,0.055912695825099945,0.05907585471868515,0.0021304937545210123,0.002300485735759139,0.018659336492419243,0.5819050866181712,0.9875847459688714
18,2686,0.16270868187739349,0,strong_approach,-2,0.13700644671916962,-0.9925711154937744,0.9085990786552429,0.05924392491579056,0.06565222889184952,0.0003012200759258121,0.0051969015039503574,0.024733293801546097,0.8747322205015838,0.09691321018002848
19,2829,0.16308056048154276,0,strong_approach,-2,0.13869285583496094,-1.1627882719039917,0.9360978603363037,0.05798901990056038,0.06330124288797379,0.0015522502362728119,0.004307853523641825,0.019736334681510925,-0.5155007571641992,0.3540891561355678
20,2805,0.16819930681625636,0,strong_approach,-2,0.1347702145576477,-1.1058374643325806,0.9173892140388489,0.056054580956697464,0.06033337861299515,0.0017951512709259987,0.006080253981053829,0.02504967525601387,-0.9560527568537524,-0.6101026896744327
21,2712,0.16945706599954571,0,strong_approach,-2,0.14126263558864594,-1.0568978786468506,0.9199696183204651,0.06041420251131058,0.0650678277015686,0.00022341712610796094,0.007917329668998718,0.02911156788468361,0.9141769977514633,0.9050068924919651
22,2399,0.18195863622776465,0,strong_approach,-2,0.13816602528095245,-1.0491843223571777,0.9302147030830383,0.06042218208312988,0.06627953797578812,0.00028648352599702775,0.004304775036871433,0.020592978224158287,-0.7337129898099055,0.10299382616117317
23,2652,0.18381701382373403,0,strong_approach,-2,0.13339871168136597,-1.0038576126098633,0.8910136222839355,0.05527160316705704,0.06019720062613487,0.0020632012747228146,0.007755377795547247,0.031914304941892624,0.4595661902839201,0.9770187306108163
24,2501,0.18445094472033438,0,strong_approach,-2,0.13822253048419952,-1.038669228553772,0.9330000877380371,0.060859981924295425,0.06516419351100922,0.0007288181222975254,0.006388436537235975,0.025395024567842484,0.05667441935495436,0.05995809620522353
25,2796,0.1862421977968913,0,strong_approach,-2,0.14330802857875824,-1.1985554695129395,0.9221553206443787,0.058080945163965225,0.06293419748544693,0.0007670383783988655,0.00837111659348011,0.028272926807403564,-0.5176940401512619,-0.9922115334677868
26,2743,0.1864356467925918,0,strong_approach,-2,0.13339953124523163,-0.9608655571937561,0.8776470422744751,0.0552227683365345,0.061080627143383026,0.0030336263589560986,0.012515624985098839,0.042910411953926086,0.48727035000144,0.5034692974546917
27,2695,0.1867363011232221,0,strong_approach,-2,0.1442708671092987,-0.9473327398300171,0.8649086356163025,0.0580701008439064,0.06423203647136688,0.002885356079787016,0.010784070007503033,0.04333366081118584,0.9944315761585106,0.992169472602448
28,2857,0.18691090614278663,0,strong_approach,-2,0.13764013350009918,-1.173540711402893,0.933236837387085,0.05712246522307396,0.06803132593631744,0.00037762222927995026,0.017127513885498047,0.05284285917878151,0.6937909219420425,0.7766396850920853
29,2636,0.19144019458851863,0,strong_approach,-2,0.1405545026063919,-1.2089680433273315,0.943316638469696,0.0590977780520916,0.06145627051591873,0.00010927094263024628,0.0025533924344927073,0.014286362566053867,-0.5670037709040452,-0.6271371025914069
30,2451,0.19796973071993956,0,strong_approach,-2,0.13281984627246857,-0.9902825355529785,0.8891711235046387,0.05526651069521904,0.06041913852095604,0.00018160318722948432,0.009633841924369335,0.03567580506205559,0.20701899969689858,0.9474932907471103
31,2407,0.201251202221723,0,strong_approach,-2,0.13677950203418732,-1.2494864463806152,0.9448438286781311,0.05547071620821953,0.060880519449710846,0.00023650239745620638,0.00387898413464427,0.01800430379807949,0.8393349508364167,0.9366744472125643
32,2862,0.20238879838706597,0,strong_approach,-2,0.1405421942472458,-0.9910235404968262,0.9268621206283569,0.06253701448440552,0.0650595873594284,0.0009495605481788516,0.0016092747682705522,0.012495333328843117,0.4523223960239058,-0.245262998384696
33,2751,0.20356433525244988,0,strong_approach,-2,0.14033403992652893,-1.1840057373046875,0.9460130333900452,0.05935727432370186,0.06650485098361969,0.0055091846734285355,0.010183539241552353,0.031595971435308456,-0.14502961240579468,-0.059375145346743124
34,2794,0.20409399404922676,0,strong_approach,-2,0.1361067146062851,-1.2402209043502808,0.9415651559829712,0.0557054728269577,0.05942407622933388,0.0002863830595742911,0.005250145215541124,0.0203831996768713,-0.7184655154933665,-0.9588958412146467
35,2642,0.20414820086455038,0,strong_approach,-2,0.13983114063739777,-0.9306221604347229,0.9120803475379944,0.0624556727707386,0.06566590070724487,0.00032055037445388734,0.0027750239241868258,0.018801597878336906,0.14534061144711657,0.04632455214808733
36,2593,0.20974559324320213,0,strong_approach,-2,0.1439933180809021,-0.9254716634750366,0.8840583562850952,0.06108672916889191,0.0630556270480156,0.005553295835852623,0.0010050790151581168,0.008273103274405003,0.7830385563953112,0.3139311825427771
37,2553,0.21077836887356688,0,strong_approach,-2,0.1353575587272644,-0.9040454030036926,0.9070166349411011,0.06050776690244675,0.06345678120851517,1.1574901691346895e-05,0.003241333644837141,0.020496489480137825,-0.2842551274271093,-0.2389583636678138
38,2804,0.2134853893095493,0,strong_approach,-2,0.14311443269252777,-1.176044225692749,0.9347858428955078,0.059455130249261856,0.06652799993753433,0.010649519972503185,0.00980723649263382,0.030441200360655785,0.9022141233350093,0.8668763446528797
39,2386,0.21816801422647386,0,strong_approach,-2,0.13588634133338928,-1.2175331115722656,0.9540216326713562,0.057090599089860916,0.064267598092556,0.006723674014210701,0.015441816300153732,0.04826080799102783,-0.09790255178830445,-0.23377047776091794
40,2685,0.22069814860026613,0,strong_approach,-2,0.14326494932174683,-1.3089861869812012,0.9266117215156555,0.05601159483194351,0.06404755264520645,0.00903085246682167,0.020142748951911926,0.06638168543577194,-0.8805567462165438,-0.945750411583556
